<ImportExportXml xmlns:xsi="http://www.w3.org/2001/XMLSchema-instance" OrganizationVersion="9.2.25022.204" OrganizationSchemaType="Standard" CRMServerServiceabilityVersion="9.2.25022.00208">
  <Entities></Entities>
  <Roles></Roles>
  <Workflows>
    <Workflow WorkflowId="{477e2500-4b06-f011-bae1-6045bdd82d18}" Name="2-GetConfigurationsPolicies">
      <JsonFileName>/Workflows/2-GetConfigurationsPolicies-477E2500-4B06-F011-BAE1-6045BDD82D18.json</JsonFileName>
      <Type>1</Type>
      <Subprocess>0</Subprocess>
      <Category>5</Category>
      <Mode>0</Mode>
      <Scope>4</Scope>
      <OnDemand>0</OnDemand>
      <TriggerOnCreate>0</TriggerOnCreate>
      <TriggerOnDelete>0</TriggerOnDelete>
      <AsyncAutodelete>0</AsyncAutodelete>
      <SyncWorkflowLogOnFailure>0</SyncWorkflowLogOnFailure>
      <StateCode>1</StateCode>
      <StatusCode>2</StatusCode>
      <RunAs>1</RunAs>
      <IsTransacted>1</IsTransacted>
      <IntroducedVersion>1.0.0.0</IntroducedVersion>
      <IsCustomizable>1</IsCustomizable>
      <BusinessProcessType>0</BusinessProcessType>
      <IsCustomProcessingStepAllowedForOtherPublishers>1</IsCustomProcessingStepAllowedForOtherPublishers>
      <PrimaryEntity>none</PrimaryEntity>
      <LocalizedNames>
        <LocalizedName languagecode="1033" description="2-GetConfigurationsPolicies" />
      </LocalizedNames>
    </Workflow>
    <Workflow WorkflowId="{487e2500-4b06-f011-bae1-6045bdd82d18}" Name="2-RestoreConfigurationPolicies">
      <JsonFileName>/Workflows/2-RestoreConfigurationPolicies-487E2500-4B06-F011-BAE1-6045BDD82D18.json</JsonFileName>
      <Type>1</Type>
      <Subprocess>0</Subprocess>
      <Category>5</Category>
      <Mode>0</Mode>
      <Scope>4</Scope>
      <OnDemand>0</OnDemand>
      <TriggerOnCreate>0</TriggerOnCreate>
      <TriggerOnDelete>0</TriggerOnDelete>
      <AsyncAutodelete>0</AsyncAutodelete>
      <SyncWorkflowLogOnFailure>0</SyncWorkflowLogOnFailure>
      <StateCode>1</StateCode>
      <StatusCode>2</StatusCode>
      <RunAs>1</RunAs>
      <IsTransacted>1</IsTransacted>
      <IntroducedVersion>1.0.0.0</IntroducedVersion>
      <IsCustomizable>1</IsCustomizable>
      <BusinessProcessType>0</BusinessProcessType>
      <IsCustomProcessingStepAllowedForOtherPublishers>1</IsCustomProcessingStepAllowedForOtherPublishers>
      <PrimaryEntity>none</PrimaryEntity>
      <LocalizedNames>
        <LocalizedName languagecode="1033" description="2-RestoreConfigurationPolicies" />
      </LocalizedNames>
    </Workflow>
    <Workflow WorkflowId="{497e2500-4b06-f011-bae1-6045bdd82d18}" Name="2-BackupDeviceCompliancePolicies">
      <JsonFileName>/Workflows/2-BackupDeviceCompliancePolicies-497E2500-4B06-F011-BAE1-6045BDD82D18.json</JsonFileName>
      <Type>1</Type>
      <Subprocess>0</Subprocess>
      <Category>5</Category>
      <Mode>0</Mode>
      <Scope>4</Scope>
      <OnDemand>0</OnDemand>
      <TriggerOnCreate>0</TriggerOnCreate>
      <TriggerOnDelete>0</TriggerOnDelete>
      <AsyncAutodelete>0</AsyncAutodelete>
      <SyncWorkflowLogOnFailure>0</SyncWorkflowLogOnFailure>
      <StateCode>1</StateCode>
      <StatusCode>2</StatusCode>
      <RunAs>1</RunAs>
      <IsTransacted>1</IsTransacted>
      <IntroducedVersion>1.0.0.0</IntroducedVersion>
      <IsCustomizable>1</IsCustomizable>
      <BusinessProcessType>0</BusinessProcessType>
      <IsCustomProcessingStepAllowedForOtherPublishers>1</IsCustomProcessingStepAllowedForOtherPublishers>
      <PrimaryEntity>none</PrimaryEntity>
      <LocalizedNames>
        <LocalizedName languagecode="1033" description="2-BackupDeviceCompliancePolicies" />
      </LocalizedNames>
    </Workflow>
    <Workflow WorkflowId="{4a7e2500-4b06-f011-bae1-6045bdd82d18}" Name="2-RestoreDeviceCompliancePolicies">
      <JsonFileName>/Workflows/2-RestoreDeviceCompliancePolicies-4A7E2500-4B06-F011-BAE1-6045BDD82D18.json</JsonFileName>
      <Type>1</Type>
      <Subprocess>0</Subprocess>
      <Category>5</Category>
      <Mode>0</Mode>
      <Scope>4</Scope>
      <OnDemand>0</OnDemand>
      <TriggerOnCreate>0</TriggerOnCreate>
      <TriggerOnDelete>0</TriggerOnDelete>
      <AsyncAutodelete>0</AsyncAutodelete>
      <SyncWorkflowLogOnFailure>0</SyncWorkflowLogOnFailure>
      <StateCode>1</StateCode>
      <StatusCode>2</StatusCode>
      <RunAs>1</RunAs>
      <IsTransacted>1</IsTransacted>
      <IntroducedVersion>1.0.0.0</IntroducedVersion>
      <IsCustomizable>1</IsCustomizable>
      <BusinessProcessType>0</BusinessProcessType>
      <IsCustomProcessingStepAllowedForOtherPublishers>1</IsCustomProcessingStepAllowedForOtherPublishers>
      <PrimaryEntity>none</PrimaryEntity>
      <LocalizedNames>
        <LocalizedName languagecode="1033" description="2-RestoreDeviceCompliancePolicies" />
      </LocalizedNames>
    </Workflow>
    <Workflow WorkflowId="{d87e2500-4b06-f011-bae1-6045bdd82d18}" Name="2-RestoreDeviceConfigurations">
      <JsonFileName>/Workflows/2-RestoreDeviceConfigurations-D87E2500-4B06-F011-BAE1-6045BDD82D18.json</JsonFileName>
      <Type>1</Type>
      <Subprocess>0</Subprocess>
      <Category>5</Category>
      <Mode>0</Mode>
      <Scope>4</Scope>
      <OnDemand>0</OnDemand>
      <TriggerOnCreate>0</TriggerOnCreate>
      <TriggerOnDelete>0</TriggerOnDelete>
      <AsyncAutodelete>0</AsyncAutodelete>
      <SyncWorkflowLogOnFailure>0</SyncWorkflowLogOnFailure>
      <StateCode>1</StateCode>
      <StatusCode>2</StatusCode>
      <RunAs>1</RunAs>
      <IsTransacted>1</IsTransacted>
      <IntroducedVersion>1.0.0.0</IntroducedVersion>
      <IsCustomizable>1</IsCustomizable>
      <BusinessProcessType>0</BusinessProcessType>
      <IsCustomProcessingStepAllowedForOtherPublishers>1</IsCustomProcessingStepAllowedForOtherPublishers>
      <PrimaryEntity>none</PrimaryEntity>
      <LocalizedNames>
        <LocalizedName languagecode="1033" description="2-RestoreDeviceConfigurations" />
      </LocalizedNames>
    </Workflow>
    <Workflow WorkflowId="{d97e2500-4b06-f011-bae1-6045bdd82d18}" Name="2-BackupConfigurationPolicies">
      <JsonFileName>/Workflows/2-BackupConfigurationPolicies-D97E2500-4B06-F011-BAE1-6045BDD82D18.json</JsonFileName>
      <Type>1</Type>
      <Subprocess>0</Subprocess>
      <Category>5</Category>
      <Mode>0</Mode>
      <Scope>4</Scope>
      <OnDemand>0</OnDemand>
      <TriggerOnCreate>0</TriggerOnCreate>
      <TriggerOnDelete>0</TriggerOnDelete>
      <AsyncAutodelete>0</AsyncAutodelete>
      <SyncWorkflowLogOnFailure>0</SyncWorkflowLogOnFailure>
      <StateCode>1</StateCode>
      <StatusCode>2</StatusCode>
      <RunAs>1</RunAs>
      <IsTransacted>1</IsTransacted>
      <IntroducedVersion>1.0.0.0</IntroducedVersion>
      <IsCustomizable>1</IsCustomizable>
      <BusinessProcessType>0</BusinessProcessType>
      <IsCustomProcessingStepAllowedForOtherPublishers>1</IsCustomProcessingStepAllowedForOtherPublishers>
      <PrimaryEntity>none</PrimaryEntity>
      <LocalizedNames>
        <LocalizedName languagecode="1033" description="2-BackupConfigurationPolicies" />
      </LocalizedNames>
    </Workflow>
    <Workflow WorkflowId="{da7e2500-4b06-f011-bae1-6045bdd82d18}" Name="2-GetDeviceCompliancePolicies">
      <JsonFileName>/Workflows/2-GetDeviceCompliancePolicies-DA7E2500-4B06-F011-BAE1-6045BDD82D18.json</JsonFileName>
      <Type>1</Type>
      <Subprocess>0</Subprocess>
      <Category>5</Category>
      <Mode>0</Mode>
      <Scope>4</Scope>
      <OnDemand>0</OnDemand>
      <TriggerOnCreate>0</TriggerOnCreate>
      <TriggerOnDelete>0</TriggerOnDelete>
      <AsyncAutodelete>0</AsyncAutodelete>
      <SyncWorkflowLogOnFailure>0</SyncWorkflowLogOnFailure>
      <StateCode>1</StateCode>
      <StatusCode>2</StatusCode>
      <RunAs>1</RunAs>
      <IsTransacted>1</IsTransacted>
      <IntroducedVersion>1.0.0.0</IntroducedVersion>
      <IsCustomizable>1</IsCustomizable>
      <BusinessProcessType>0</BusinessProcessType>
      <IsCustomProcessingStepAllowedForOtherPublishers>1</IsCustomProcessingStepAllowedForOtherPublishers>
      <PrimaryEntity>none</PrimaryEntity>
      <LocalizedNames>
        <LocalizedName languagecode="1033" description="2-GetDeviceCompliancePolicies" />
      </LocalizedNames>
    </Workflow>
    <Workflow WorkflowId="{db7e2500-4b06-f011-bae1-6045bdd82d18}" Name="2-BackupDeviceConfigurations">
      <JsonFileName>/Workflows/2-BackupDeviceConfigurations-DB7E2500-4B06-F011-BAE1-6045BDD82D18.json</JsonFileName>
      <Type>1</Type>
      <Subprocess>0</Subprocess>
      <Category>5</Category>
      <Mode>0</Mode>
      <Scope>4</Scope>
      <OnDemand>0</OnDemand>
      <TriggerOnCreate>0</TriggerOnCreate>
      <TriggerOnDelete>0</TriggerOnDelete>
      <AsyncAutodelete>0</AsyncAutodelete>
      <SyncWorkflowLogOnFailure>0</SyncWorkflowLogOnFailure>
      <StateCode>1</StateCode>
      <StatusCode>2</StatusCode>
      <RunAs>1</RunAs>
      <IsTransacted>1</IsTransacted>
      <IntroducedVersion>1.0.0.0</IntroducedVersion>
      <IsCustomizable>1</IsCustomizable>
      <BusinessProcessType>0</BusinessProcessType>
      <IsCustomProcessingStepAllowedForOtherPublishers>1</IsCustomProcessingStepAllowedForOtherPublishers>
      <PrimaryEntity>none</PrimaryEntity>
      <LocalizedNames>
        <LocalizedName languagecode="1033" description="2-BackupDeviceConfigurations" />
      </LocalizedNames>
    </Workflow>
    <Workflow WorkflowId="{667f2500-4b06-f011-bae1-6045bdd82d18}" Name="2-GetDeviceConfigurations">
      <JsonFileName>/Workflows/2-GetDeviceConfigurations-667F2500-4B06-F011-BAE1-6045BDD82D18.json</JsonFileName>
      <Type>1</Type>
      <Subprocess>0</Subprocess>
      <Category>5</Category>
      <Mode>0</Mode>
      <Scope>4</Scope>
      <OnDemand>0</OnDemand>
      <TriggerOnCreate>0</TriggerOnCreate>
      <TriggerOnDelete>0</TriggerOnDelete>
      <AsyncAutodelete>0</AsyncAutodelete>
      <SyncWorkflowLogOnFailure>0</SyncWorkflowLogOnFailure>
      <StateCode>1</StateCode>
      <StatusCode>2</StatusCode>
      <RunAs>1</RunAs>
      <IsTransacted>1</IsTransacted>
      <IntroducedVersion>1.0.0.0</IntroducedVersion>
      <IsCustomizable>1</IsCustomizable>
      <BusinessProcessType>0</BusinessProcessType>
      <IsCustomProcessingStepAllowedForOtherPublishers>1</IsCustomProcessingStepAllowedForOtherPublishers>
      <PrimaryEntity>none</PrimaryEntity>
      <LocalizedNames>
        <LocalizedName languagecode="1033" description="2-GetDeviceConfigurations" />
      </LocalizedNames>
    </Workflow>
  </Workflows>
  <FieldSecurityProfiles></FieldSecurityProfiles>
  <Templates />
  <EntityMaps />
  <EntityRelationships />
  <OrganizationSettings />
  <optionsets />
  <CustomControls />
  <EntityDataProviders />
  <CanvasApps>
    <CanvasApp>
      <Name>intune_intuneadminkitv2_c137c</Name>
      <AppVersion>2025-03-10T19:56:18Z</AppVersion>
      <Status>Ready</Status>
      <CreatedByClientVersion>3.23051.33.0</CreatedByClientVersion>
      <MinClientVersion>3.23051.33.0</MinClientVersion>
      <Tags>{"primaryDeviceWidth":"1366","primaryDeviceHeight":"768","supportsPortrait":"true","supportsLandscape":"true","primaryFormFactor":"Tablet","publisherVersion":"3.23051.33","minimumRequiredApiVersion":"2.2.0","hasComponent":"false","hasUnlockedComponent":"false","isUnifiedRootApp":"false","sienaVersion":"20230530T152554Z-3.23051.33.0"}</Tags>
      <IsCdsUpgraded>0</IsCdsUpgraded>
      <GalleryItemId xsi:nil="true"></GalleryItemId>
      <BackgroundColor>RGBA(0,176,240,1)</BackgroundColor>
      <DisplayName>Intune Admin Kit v2</DisplayName>
      <Description xsi:nil="true"></Description>
      <CommitMessage xsi:nil="true"></CommitMessage>
      <Publisher xsi:nil="true"></Publisher>
      <AuthorizationReferences>[]</AuthorizationReferences>
      <ConnectionReferences>{"79d1c3b6-b06a-4f3b-a1b5-483ec5ac27a6":{"id":"/providers/microsoft.powerapps/apis/shared_logicflows","displayName":"Logic flows","iconUri":"https://conn-afd-prod-endpoint-bmc9bqahasf3grgk.b01.azurefd.net/releases/v1.0.1725/1.0.1725.4004/logicflows/icon.png","dataSources":["Getdeviceconfigurations"],"dependencies":[],"dependents":[],"parameterHints":{"workflowName":{"value":"a26ac1df-9ecc-4b35-83f0-2bca78443f57"},"workflowEntityId":{}},"parameterHintsV2":{"workflowName":{"value":"a26ac1df-9ecc-4b35-83f0-2bca78443f57"},"workflowEntityId":{}},"isOnPremiseConnection":false,"dataSets":{},"apiTier":"Standard","actions":["Run"]},"698cc3bc-734b-4aba-89e2-f3df40e263bf":{"id":"/providers/microsoft.powerapps/apis/shared_logicflows","displayName":"Logic flows","iconUri":"https://conn-afd-prod-endpoint-bmc9bqahasf3grgk.b01.azurefd.net/releases/v1.0.1725/1.0.1725.4004/logicflows/icon.png","dataSources":["Restoreconfigurationprofile"],"dependencies":[],"dependents":[],"parameterHints":{"workflowName":{"value":"6d1abb5f-313c-4fbf-ba0d-6f04c22a77de"},"workflowEntityId":{}},"parameterHintsV2":{"workflowName":{"value":"6d1abb5f-313c-4fbf-ba0d-6f04c22a77de"},"workflowEntityId":{}},"isOnPremiseConnection":false,"dataSets":{},"apiTier":"Standard","actions":["Run"]},"aa0b4bfa-df17-4454-9ae5-d312b7d9f62b":{"id":"/providers/microsoft.powerapps/apis/shared_logicflows","displayName":"Logic flows","iconUri":"https://conn-afd-prod-endpoint-bmc9bqahasf3grgk.b01.azurefd.net/releases/v1.0.1725/1.0.1725.4004/logicflows/icon.png","dataSources":["Backupconfigurationprofile"],"dependencies":["7e6b0342-6b7b-473b-b695-d56aa8d36e65"],"dependents":[],"parameterHints":{"workflowName":{"value":"51b8e139-1781-4c9d-81f9-06480211b964"},"workflowEntityId":{},"7e6b0342-6b7b-473b-b695-d56aa8d36e65":{"value":"shared_sharepointonline"}},"parameterHintsV2":{"workflowName":{"value":"51b8e139-1781-4c9d-81f9-06480211b964"},"workflowEntityId":{},"shared_sharepointonline":{"value":"7e6b0342-6b7b-473b-b695-d56aa8d36e65"}},"isOnPremiseConnection":false,"dataSets":{},"apiTier":"Standard","actions":["Run"]},"7e6b0342-6b7b-473b-b695-d56aa8d36e65":{"id":"/providers/microsoft.powerapps/apis/shared_sharepointonline","displayName":"SharePoint","iconUri":"https://conn-afd-prod-endpoint-bmc9bqahasf3grgk.b01.azurefd.net/releases/v1.0.1732/1.0.1732.4070/sharepointonline/icon.png","dataSources":["Intune Repository"],"dependencies":[],"dependents":["aa0b4bfa-df17-4454-9ae5-d312b7d9f62b","9c0beef9-5770-4324-a0e2-63811a3a9b62","9f612e3d-3960-4f22-9ec9-93d5a189f00e","abfb4b5d-dd6b-40d0-ac52-f166ce97c63e"],"parameterHints":{},"parameterHintsV2":{},"isOnPremiseConnection":false,"dataSets":{"https://m365x11579905.sharepoint.com/sites/IntuneBackupRestore":{"dataSources":{"Intune Repository":{"tableName":"c597f459-0fd3-4c3a-9132-9d326888bae2"}}}},"apiTier":"Standard","actions":["providers/PowerPlatform.Governance/Operations/Read"]},"fb1b169e-317b-4f1b-a152-7f61cf040f9a":{"id":"/providers/microsoft.powerapps/apis/shared_logicflows","displayName":"Logic flows","iconUri":"https://conn-afd-prod-endpoint-bmc9bqahasf3grgk.b01.azurefd.net/releases/v1.0.1725/1.0.1725.4004/logicflows/icon.png","dataSources":["PowerApp-&gt;varPolicyId,varPrefix"],"dependencies":[],"dependents":[],"parameterHints":{"workflowName":{"value":"7d1e64aa-640b-45e3-868a-09d534108634"},"workflowEntityId":{}},"parameterHintsV2":{"workflowName":{"value":"7d1e64aa-640b-45e3-868a-09d534108634"},"workflowEntityId":{}},"isOnPremiseConnection":false,"dataSets":{},"apiTier":"Standard"},"75265c09-c92d-4ac1-850c-6ba6ef822d3d":{"id":"/providers/microsoft.powerapps/apis/shared_logicflows","displayName":"Logic flows","iconUri":"https://conn-afd-prod-endpoint-bmc9bqahasf3grgk.b01.azurefd.net/releases/v1.0.1725/1.0.1725.4004/logicflows/icon.png","dataSources":["TestInput"],"dependencies":[],"dependents":[],"parameterHints":{"workflowName":{"value":"8e414654-bebe-48dc-91be-05ba5a60c6ce"},"workflowEntityId":{}},"parameterHintsV2":{"workflowName":{"value":"8e414654-bebe-48dc-91be-05ba5a60c6ce"},"workflowEntityId":{}},"isOnPremiseConnection":false,"dataSets":{},"apiTier":"Standard"},"9c0beef9-5770-4324-a0e2-63811a3a9b62":{"id":"/providers/microsoft.powerapps/apis/shared_logicflows","displayName":"Logic flows","iconUri":"https://conn-afd-prod-endpoint-bmc9bqahasf3grgk.b01.azurefd.net/releases/v1.0.1725/1.0.1725.4004/logicflows/icon.png","dataSources":["CreateConfigPolicyBackup"],"dependencies":["7e6b0342-6b7b-473b-b695-d56aa8d36e65"],"dependents":[],"parameterHints":{"workflowName":{"value":"b6aa0299-52ac-4127-93be-a8c03f63bddb"},"workflowEntityId":{},"7e6b0342-6b7b-473b-b695-d56aa8d36e65":{"value":"shared_sharepointonline"}},"parameterHintsV2":{"workflowName":{"value":"b6aa0299-52ac-4127-93be-a8c03f63bddb"},"workflowEntityId":{},"shared_sharepointonline":{"value":"7e6b0342-6b7b-473b-b695-d56aa8d36e65"}},"isOnPremiseConnection":false,"dataSets":{},"apiTier":"Standard"},"9f612e3d-3960-4f22-9ec9-93d5a189f00e":{"id":"/providers/microsoft.powerapps/apis/shared_logicflows","displayName":"Logic flows","iconUri":"https://conn-afd-prod-endpoint-bmc9bqahasf3grgk.b01.azurefd.net/releases/v1.0.1725/1.0.1725.4004/logicflows/icon.png","dataSources":["CreateConfigPolicyBackup1"],"dependencies":["7e6b0342-6b7b-473b-b695-d56aa8d36e65"],"dependents":[],"parameterHints":{"workflowName":{"value":"31de58ea-8328-41e0-95c4-c3a443167d57"},"workflowEntityId":{},"7e6b0342-6b7b-473b-b695-d56aa8d36e65":{"value":"shared_sharepointonline"}},"parameterHintsV2":{"workflowName":{"value":"31de58ea-8328-41e0-95c4-c3a443167d57"},"workflowEntityId":{},"shared_sharepointonline":{"value":"7e6b0342-6b7b-473b-b695-d56aa8d36e65"}},"isOnPremiseConnection":false,"dataSets":{},"apiTier":"Standard"},"abfb4b5d-dd6b-40d0-ac52-f166ce97c63e":{"id":"/providers/microsoft.powerapps/apis/shared_logicflows","displayName":"Logic flows","iconUri":"https://conn-afd-prod-endpoint-bmc9bqahasf3grgk.b01.azurefd.net/releases/v1.0.1725/1.0.1725.4004/logicflows/icon.png","dataSources":["Backupconfigurationprofile1"],"dependencies":["7e6b0342-6b7b-473b-b695-d56aa8d36e65"],"dependents":[],"parameterHints":{"workflowName":{"value":"2d14b3c0-d137-4717-b892-cd042b62ba57"},"workflowEntityId":{},"7e6b0342-6b7b-473b-b695-d56aa8d36e65":{"value":"shared_sharepointonline"}},"parameterHintsV2":{"workflowName":{"value":"2d14b3c0-d137-4717-b892-cd042b62ba57"},"workflowEntityId":{},"shared_sharepointonline":{"value":"7e6b0342-6b7b-473b-b695-d56aa8d36e65"}},"isOnPremiseConnection":false,"dataSets":{},"apiTier":"Standard"},"3fee8440-5ab5-401f-a014-5b6a85f2fa8d":{"id":"/providers/microsoft.powerapps/apis/shared_logicflows","displayName":"Logic flows","iconUri":"https://conn-afd-prod-endpoint-bmc9bqahasf3grgk.b01.azurefd.net/releases/v1.0.1725/1.0.1725.4004/logicflows/icon.png","dataSources":["Duplicatedeviceconfigurationprofiles"],"dependencies":[],"dependents":[],"parameterHints":{"workflowName":{"value":"96400df8-182e-495f-b410-23c768e612f1"},"workflowEntityId":{}},"parameterHintsV2":{"workflowName":{"value":"96400df8-182e-495f-b410-23c768e612f1"},"workflowEntityId":{}},"isOnPremiseConnection":false,"dataSets":{},"apiTier":"Standard","actions":["Run"]}}</ConnectionReferences>
      <DatabaseReferences>{}</DatabaseReferences>
      <AppComponents>[]</AppComponents>
      <AppComponentDependencies>[]</AppComponentDependencies>
      <CanConsumeAppPass>1</CanConsumeAppPass>
      <CanvasAppType>0</CanvasAppType>
      <BypassConsent>0</BypassConsent>
      <AdminControlBypassConsent>0</AdminControlBypassConsent>
      <EmbeddedApp xsi:nil="true"></EmbeddedApp>
      <IntroducedVersion>1.0</IntroducedVersion>
      <CdsDependencies>{"cdsdependencies":[]}</CdsDependencies>
      <IsCustomizable>1</IsCustomizable>
      <BackgroundImageUri>/CanvasApps/intune_intuneadminkitv2_c137c_BackgroundImageUri</BackgroundImageUri>
      <DocumentUri>/CanvasApps/intune_intuneadminkitv2_c137c_DocumentUri.msapp</DocumentUri>
    </CanvasApp>
  </CanvasApps>
  <connectionreferences>
    <connectionreference connectionreferencelogicalname="intune_sharedsharepointonline_ef845">
      <connectionreferencedisplayname>SharePoint IntuneBackupAndRestore-ef845</connectionreferencedisplayname>
      <connectorid>/providers/Microsoft.PowerApps/apis/shared_sharepointonline</connectorid>
      <iscustomizable>1</iscustomizable>
      <promptingbehavior>0</promptingbehavior>
      <statecode>0</statecode>
      <statuscode>1</statuscode>
    </connectionreference>
  </connectionreferences>
  <Languages>
    <Language>1033</Language>
  </Languages>
</ImportExportXml>