{
  "properties": {
    "connectionReferences": {
      "shared_sharepointonline": {
        "runtimeSource": "invoker",
        "connection": {
          "connectionReferenceLogicalName": "intune_sharedsharepointonline_ef845"
        },
        "api": {
          "name": "shared_sharepointonline"
        }
      }
    },
    "definition": {
      "$schema": "https://schema.management.azure.com/providers/Microsoft.Logic/schemas/2016-06-01/workflowdefinition.json#",
      "contentVersion": "1.0.0.0",
      "parameters": {
        "$connections": {
          "defaultValue": {},
          "type": "Object"
        },
        "$authentication": {
          "defaultValue": {},
          "type": "SecureObject"
        }
      },
      "triggers": {
        "manual": {
          "metadata": {
            "operationMetadataId": "e9c33e68-6a80-4674-b200-f2adccbc3ffd"
          },
          "type": "Request",
          "kind": "PowerApp",
          "inputs": {
            "schema": {
              "type": "object",
              "properties": {
                "Initializevariable_Value": {
                  "type": "any"
                },
                "Initializevariable_Value_1": {
                  "type": "any"
                }
              },
              "required": [
                "Initializevariable_Value",
                "Initializevariable_Value_1"
              ]
            }
          }
        }
      },
      "actions": {
        "Tenant": {
          "runAfter": {},
          "metadata": {
            "operationMetadataId": "3a1e2b2e-ee9d-45b2-b479-e5d550576a22"
          },
          "type": "InitializeVariable",
          "inputs": {
            "variables": [
              {
                "name": "Tenant",
                "type": "string",
                "value": "M365CPI25667051.onmicrosoft.com"
              }
            ]
          }
        },
        "Client_ID": {
          "runAfter": {
            "Tenant": [
              "Succeeded"
            ]
          },
          "metadata": {
            "operationMetadataId": "f68e8526-4cb2-4b77-be0e-a96d320b955a"
          },
          "type": "InitializeVariable",
          "inputs": {
            "variables": [
              {
                "name": "ClientID",
                "type": "string",
                "value": "3cab90f4-b51b-462b-aafe-bcd3afc7095e"
              }
            ]
          }
        },
        "Secret": {
          "runAfter": {
            "Client_ID": [
              "Succeeded"
            ]
          },
          "metadata": {
            "operationMetadataId": "77c57d52-9343-41bd-9dff-daaa974c744a"
          },
          "type": "InitializeVariable",
          "inputs": {
            "variables": [
              {
                "name": "Secret",
                "type": "string",
                "value": "xLx8Q~YuO9KaIZ.n5f6XvHHzHE5Bqtci7PImEaUn"
              }
            ]
          }
        },
        "Initialize_variable_varPrefix": {
          "runAfter": {
            "Secret": [
              "Succeeded"
            ]
          },
          "metadata": {
            "operationMetadataId": "f4c366e4-1767-4fd9-91a0-992f0bcebcb5"
          },
          "type": "InitializeVariable",
          "inputs": {
            "variables": [
              {
                "name": "varPrefix",
                "type": "string",
                "value": "@{triggerBody()['Initializevariable_Value']}"
              }
            ]
          }
        },
        "Initialize_variable_varConfigPolicy": {
          "runAfter": {
            "Initialize_variable_varPrefix": [
              "Succeeded"
            ]
          },
          "metadata": {
            "operationMetadataId": "a86b9dbf-8021-465b-8bc8-567d04c9537b"
          },
          "type": "InitializeVariable",
          "inputs": {
            "variables": [
              {
                "name": "varConfigPolicy",
                "type": "string",
                "value": "@{triggerBody()['Initializevariable_Value_1']}"
              }
            ]
          }
        },
        "Parse_JSON_varConfigPolicy": {
          "runAfter": {
            "Initialize_variable_varSettings": [
              "Succeeded"
            ]
          },
          "metadata": {
            "operationMetadataId": "e2b354f4-853c-48c9-b20e-8332fd8579ca"
          },
          "type": "ParseJson",
          "inputs": {
            "content": "@variables('varConfigPolicy')",
            "schema": {
              "type": "object",
              "properties": {
                "@@odata.context": {
                  "type": "string"
                },
                "@@odata.count": {
                  "type": "integer"
                },
                "@@odata.nextLink": {
                  "type": "string"
                },
                "value": {
                  "type": "array",
                  "items": {
                    "type": "object",
                    "properties": {
                      "name": {
                        "type": "string"
                      },
                      "id": {
                        "type": "string"
                      },
                      "createdDateTime": {
                        "type": "string"
                      },
                      "lastModifiedDateTime": {
                        "type": "string"
                      }
                    },
                    "required": [
                      "name",
                      "id",
                      "createdDateTime",
                      "lastModifiedDateTime"
                    ]
                  }
                }
              }
            }
          }
        },
        "Apply_to_each": {
          "foreach": "@body('Parse_JSON_varConfigPolicy')?['value']",
          "actions": {
            "HTTP_GetConfigurationPolicies": {
              "runAfter": {},
              "metadata": {
                "operationMetadataId": "1fddfd17-98e5-404e-8d01-8b8ed4f6b0bb"
              },
              "type": "Http",
              "inputs": {
                "method": "GET",
                "uri": "https://graph.microsoft.com/beta/deviceManagement/configurationpolicies/@{items('Apply_to_each')?['id']}",
                "authentication": {
                  "type": "ActiveDirectoryOAuth",
                  "tenant": "@variables('Tenant')",
                  "audience": "https://graph.microsoft.com",
                  "clientId": "@variables('ClientID')",
                  "secret": "@variables('Secret')"
                }
              }
            },
            "Parse_JSON_GetConfigurationPolicies": {
              "runAfter": {
                "HTTP_GetConfigurationPoliciesSettings": [
                  "Succeeded"
                ]
              },
              "metadata": {
                "operationMetadataId": "d64718bd-c8d1-4928-8b36-96eca40cdf43"
              },
              "type": "ParseJson",
              "inputs": {
                "content": "@body('HTTP_GetConfigurationPolicies')",
                "schema": {
                  "type": "object",
                  "properties": {
                    "@@odata.context": {
                      "type": "string"
                    },
                    "@@microsoft.graph.tips": {
                      "type": "string"
                    },
                    "createdDateTime": {
                      "type": "string"
                    },
                    "creationSource": {},
                    "description": {
                      "type": "string"
                    },
                    "lastModifiedDateTime": {
                      "type": "string"
                    },
                    "name": {
                      "type": "string"
                    },
                    "platforms": {
                      "type": "string"
                    },
                    "priorityMetaData": {},
                    "roleScopeTagIds": {
                      "type": "array",
                      "items": {
                        "type": "string"
                      }
                    },
                    "settingCount": {
                      "type": "integer"
                    },
                    "technologies": {
                      "type": "string"
                    },
                    "id": {
                      "type": "string"
                    },
                    "templateReference": {
                      "type": "object",
                      "properties": {
                        "templateId": {
                          "type": "string"
                        },
                        "templateFamily": {
                          "type": "string"
                        },
                        "templateDisplayName": {
                          "type": "string"
                        },
                        "templateDisplayVersion": {
                          "type": "string"
                        }
                      }
                    }
                  }
                }
              }
            },
            "Compose_JSON_to_String": {
              "runAfter": {
                "Parse_JSON_GetConfigurationPoliciesSettings": [
                  "Succeeded"
                ]
              },
              "metadata": {
                "operationMetadataId": "0b53abc0-9dd6-4298-9415-54b8863a1a2e"
              },
              "type": "Compose",
              "inputs": "@string(body('Parse_JSON_GetConfigurationPolicies'))"
            },
            "Compose_Replace_odatacontext": {
              "runAfter": {
                "Compose_JSON_to_String": [
                  "Succeeded"
                ]
              },
              "metadata": {
                "operationMetadataId": "4429b5ca-b006-4a18-89ed-a1ac221bca63"
              },
              "type": "Compose",
              "inputs": "@replace(outputs('Compose_JSON_to_String'),'@odata.context','odatacontext')"
            },
            "Compose_convert_to_JSON": {
              "runAfter": {
                "Compose_Replace_odatacontext": [
                  "Succeeded"
                ]
              },
              "metadata": {
                "operationMetadataId": "51b98560-a00d-494a-81f0-8579a3c491de"
              },
              "type": "Compose",
              "inputs": "@json(replace(outputs('Compose_Replace_odatacontext'),'@odata.context','odatacontext'))"
            },
            "Compose_Remove_odatacontext": {
              "runAfter": {
                "Compose_convert_to_JSON": [
                  "Succeeded"
                ]
              },
              "metadata": {
                "operationMetadataId": "79c1c0cd-383c-4ca2-98f8-4b06a7660538"
              },
              "type": "Compose",
              "inputs": "@removeProperty(outputs('Compose_convert_to_JSON'),'odatacontext')"
            },
            "Compose_remove_id": {
              "runAfter": {
                "Compose_Remove_odatacontext": [
                  "Succeeded"
                ]
              },
              "metadata": {
                "operationMetadataId": "bbc802bd-8279-466d-b949-d4ce0159b5c8"
              },
              "type": "Compose",
              "inputs": "@removeProperty(outputs('Compose_remove_odatacontext'),'id')"
            },
            "Compose_remove_last_modifiedDateTime": {
              "runAfter": {
                "Compose_remove_id": [
                  "Succeeded"
                ]
              },
              "metadata": {
                "operationMetadataId": "5f661c57-f113-472c-932a-4eec8865a1b5"
              },
              "type": "Compose",
              "inputs": "@removeProperty(outputs('Compose_remove_id'),'lastModifiedDateTime')"
            },
            "Compose_remove_Supports_ScopeTags": {
              "runAfter": {
                "Compose_remove_last_modifiedDateTime": [
                  "Succeeded"
                ]
              },
              "metadata": {
                "operationMetadataId": "3bb3d011-1d99-48ce-9749-b3d2f2b606a2"
              },
              "type": "Compose",
              "inputs": "@removeProperty(outputs('Compose_remove_last_modifiedDateTime'),'supportsScopeTags')"
            },
            "Compose_remove_CreatedDateTime": {
              "runAfter": {
                "Compose_remove_Supports_ScopeTags": [
                  "Succeeded"
                ]
              },
              "metadata": {
                "operationMetadataId": "874ab7bb-0c5c-49af-aee2-f07b3d9e7389"
              },
              "type": "Compose",
              "inputs": "@removeProperty(outputs('Compose_remove_Supports_ScopeTags'),'createdDateTime')"
            },
            "Compose_remove_version": {
              "runAfter": {
                "Compose_remove_CreatedDateTime": [
                  "Succeeded"
                ]
              },
              "metadata": {
                "operationMetadataId": "5a494f34-52df-4a09-ae6a-74ea1756533d"
              },
              "type": "Compose",
              "inputs": "@removeProperty(outputs('Compose_remove_createdDateTime'),'version')"
            },
            "Compose_combine_prefix_and_displayName": {
              "runAfter": {
                "Compose_remove_version": [
                  "Succeeded"
                ]
              },
              "metadata": {
                "operationMetadataId": "a60d6cbb-12b4-4963-aa5e-8fb3faf5a58d"
              },
              "type": "Compose",
              "inputs": "@setProperty(outputs('Compose_remove_version'),'displayName',concat(variables('varPrefix'),'-',body('Parse_JSON_GetConfigurationPolicies')?['name']))"
            },
            "Create_file": {
              "runAfter": {
                "Compose_combine_settings": [
                  "Succeeded"
                ]
              },
              "metadata": {
                "operationMetadataId": "77ebc804-2b4b-4780-8bcd-e579fe9d42d7"
              },
              "type": "OpenApiConnection",
              "inputs": {
                "host": {
                  "apiId": "/providers/Microsoft.PowerApps/apis/shared_sharepointonline",
                  "connectionName": "shared_sharepointonline",
                  "operationId": "CreateFile"
                },
                "parameters": {
                  "dataset": "https://m365cpi25667051.sharepoint.com/sites/IntuneBackup",
                  "folderPath": "/Intune",
                  "name": "@{variables('varPrefix')}-@{body('Parse_JSON_GetConfigurationPolicies')?['name']}.txt",
                  "body": "@outputs('Compose_combine_settings')"
                },
                "authentication": {
                  "value": "@json(decodeBase64(triggerOutputs().headers['X-MS-APIM-Tokens']))['$ConnectionKey']",
                  "type": "Raw"
                }
              },
              "runtimeConfiguration": {
                "contentTransfer": {
                  "transferMode": "Chunked"
                }
              }
            },
            "HTTP_GetConfigurationPoliciesSettings": {
              "runAfter": {
                "HTTP_GetConfigurationPolicies": [
                  "Succeeded"
                ]
              },
              "metadata": {
                "operationMetadataId": "603099d0-e652-444d-bbe8-1cbdcb9a4e12"
              },
              "type": "Http",
              "inputs": {
                "method": "GET",
                "uri": "https://graph.microsoft.com/beta/deviceManagement/configurationpolicies/@{items('Apply_to_each')?['id']}/settings",
                "authentication": {
                  "type": "ActiveDirectoryOAuth",
                  "tenant": "@variables('Tenant')",
                  "audience": "https://graph.microsoft.com",
                  "clientId": "@variables('ClientID')",
                  "secret": "@variables('Secret')"
                }
              }
            },
            "Parse_JSON_GetConfigurationPoliciesSettings": {
              "runAfter": {
                "Parse_JSON_GetConfigurationPolicies": [
                  "Succeeded"
                ]
              },
              "metadata": {
                "operationMetadataId": "fe1dbbf5-ef77-4646-8b12-ef6317b5cf32"
              },
              "type": "ParseJson",
              "inputs": {
                "content": "@body('HTTP_GetConfigurationPoliciesSettings')",
                "schema": {
                  "type": "object",
                  "properties": {
                    "body": {
                      "type": "object",
                      "properties": {
                        "@@odata.context": {
                          "type": "string"
                        },
                        "@@odata.count": {
                          "type": "integer"
                        },
                        "value": {
                          "type": "array",
                          "items": {
                            "type": "object",
                            "properties": {
                              "id": {
                                "type": "string"
                              },
                              "settingInstance": {
                                "type": "object",
                                "properties": {
                                  "@@odata.type": {
                                    "type": "string"
                                  },
                                  "settingDefinitionId": {
                                    "type": "string"
                                  },
                                  "settingInstanceTemplateReference": {
                                    "type": "object",
                                    "properties": {
                                      "settingInstanceTemplateId": {
                                        "type": "string"
                                      }
                                    }
                                  },
                                  "simpleSettingValue": {
                                    "type": "object",
                                    "properties": {
                                      "@@odata.type": {
                                        "type": "string"
                                      },
                                      "value": {
                                        "type": "integer"
                                      },
                                      "settingValueTemplateReference": {
                                        "type": "object",
                                        "properties": {
                                          "settingValueTemplateId": {
                                            "type": "string"
                                          },
                                          "useTemplateDefault": {
                                            "type": "boolean"
                                          }
                                        }
                                      }
                                    }
                                  }
                                }
                              }
                            },
                            "required": [
                              "id",
                              "settingInstance"
                            ]
                          }
                        }
                      }
                    }
                  }
                }
              }
            },
            "Compose_combine_settings": {
              "runAfter": {
                "Compose_combine_prefix_and_displayName": [
                  "Succeeded"
                ]
              },
              "metadata": {
                "operationMetadataId": "d74bd749-c6d7-4e9d-a305-8c50cdf34417"
              },
              "type": "Compose",
              "inputs": "@setProperty(outputs('Compose_combine_prefix_and_displayName'),'settings',outputs('Parse_JSON_GetConfigurationPoliciesSettings')?['body']?['value'])"
            }
          },
          "runAfter": {
            "Parse_JSON_varConfigPolicy": [
              "Succeeded"
            ]
          },
          "metadata": {
            "operationMetadataId": "bc915a2c-bb2b-4c0b-b5d3-1e4bb9583db9"
          },
          "type": "Foreach"
        },
        "Initialize_variable_varSettings": {
          "runAfter": {
            "Initialize_variable_varConfigPolicy": [
              "Succeeded"
            ]
          },
          "metadata": {
            "operationMetadataId": "a774de03-c91d-43eb-a850-01a6b7b8a0fc"
          },
          "type": "InitializeVariable",
          "inputs": {
            "variables": [
              {
                "name": "SettingsData",
                "type": "array"
              }
            ]
          }
        }
      },
      "outputs": {}
    },
    "templateName": null
  },
  "schemaVersion": "1.0.0.0"
}