{
  "properties": {
    "connectionReferences": {},
    "definition": {
      "$schema": "https://schema.management.azure.com/providers/Microsoft.Logic/schemas/2016-06-01/workflowdefinition.json#",
      "contentVersion": "1.0.0.0",
      "parameters": {
        "$authentication": {
          "defaultValue": {},
          "type": "SecureObject"
        }
      },
      "triggers": {
        "manual": {
          "metadata": {
            "operationMetadataId": "11992d2a-005b-4f15-ade5-9b781b11e446"
          },
          "type": "Request",
          "kind": "Button",
          "inputs": {
            "schema": {
              "type": "object",
              "properties": {},
              "required": []
            }
          }
        }
      },
      "actions": {
        "Get_device_configurations": {
          "runAfter": {
            "Secret": [
              "Succeeded"
            ]
          },
          "metadata": {
            "operationMetadataId": "4d404909-0fec-48b7-913b-f2d3725d0bcc"
          },
          "type": "Http",
          "inputs": {
            "method": "GET",
            "uri": "https://graph.microsoft.com/beta/deviceManagement/deviceConfigurations?$select=displayName,id,createdDateTime,lastModifiedDateTime",
            "authentication": {
              "type": "ActiveDirectoryOAuth",
              "tenant": "@variables('Tenant')",
              "audience": "https://graph.microsoft.com",
              "clientId": "@variables('ClientID')",
              "secret": "@variables('Secret')"
            }
          }
        },
        "Response": {
          "runAfter": {
            "Parse_JSON": [
              "Succeeded"
            ]
          },
          "metadata": {
            "operationMetadataId": "ec1a6923-76b4-4591-89e2-d85abd827ce3"
          },
          "type": "Response",
          "kind": "Http",
          "inputs": {
            "statusCode": 200,
            "body": "@body('Parse_JSON')?['value']",
            "schema": {
              "type": "array",
              "items": {
                "type": "object",
                "properties": {
                  "@@odata.type": {
                    "type": "string"
                  },
                  "displayName": {
                    "type": "string"
                  },
                  "id": {
                    "type": "string"
                  },
                  "createdDateTime": {
                    "type": "string"
                  },
                  "lastModifiedDateTime": {
                    "type": "string"
                  }
                },
                "required": [
                  "@@odata.type",
                  "displayName",
                  "id",
                  "createdDateTime",
                  "lastModifiedDateTime"
                ]
              }
            }
          }
        },
        "Parse_JSON": {
          "runAfter": {
            "Get_device_configurations": [
              "Succeeded"
            ]
          },
          "metadata": {
            "operationMetadataId": "a6cc5397-dc50-42c6-a56b-91483ac1c313"
          },
          "type": "ParseJson",
          "inputs": {
            "content": "@body('Get_device_configurations')",
            "schema": {
              "type": "object",
              "properties": {
                "@@odata.context": {
                  "type": "string"
                },
                "value": {
                  "type": "array",
                  "items": {
                    "type": "object",
                    "properties": {
                      "@@odata.type": {
                        "type": "string"
                      },
                      "displayName": {
                        "type": "string"
                      },
                      "id": {
                        "type": "string"
                      },
                      "createdDateTime": {
                        "type": "string"
                      },
                      "lastModifiedDateTime": {
                        "type": "string"
                      }
                    },
                    "required": [
                      "@@odata.type",
                      "displayName",
                      "id",
                      "createdDateTime",
                      "lastModifiedDateTime"
                    ]
                  }
                }
              }
            }
          }
        },
        "Tenant": {
          "runAfter": {},
          "metadata": {
            "operationMetadataId": "3a1e2b2e-ee9d-45b2-b479-e5d550576a22"
          },
          "type": "InitializeVariable",
          "inputs": {
            "variables": [
              {
                "name": "Tenant",
                "type": "string",
                "value": "M365CPI25667051.onmicrosoft.com"
              }
            ]
          }
        },
        "Client_ID": {
          "runAfter": {
            "Tenant": [
              "Succeeded"
            ]
          },
          "metadata": {
            "operationMetadataId": "f68e8526-4cb2-4b77-be0e-a96d320b955a"
          },
          "type": "InitializeVariable",
          "inputs": {
            "variables": [
              {
                "name": "ClientID",
                "type": "string",
                "value": "3cab90f4-b51b-462b-aafe-bcd3afc7095e"
              }
            ]
          }
        },
        "Secret": {
          "runAfter": {
            "Client_ID": [
              "Succeeded"
            ]
          },
          "metadata": {
            "operationMetadataId": "77c57d52-9343-41bd-9dff-daaa974c744a"
          },
          "type": "InitializeVariable",
          "inputs": {
            "variables": [
              {
                "name": "Secret",
                "type": "string",
                "value": "xLx8Q~YuO9KaIZ.n5f6XvHHzHE5Bqtci7PImEaUn"
              }
            ]
          }
        }
      },
      "outputs": {}
    },
    "templateName": null
  },
  "schemaVersion": "1.0.0.0"
}